route_id,route_short_name,route_long_name,route_type
4__1___,1,Pinar de Chamartín-Valdecarros,mode_1
4__2___,2,Las Rosas-Cuatro Caminos,mode_1
4__3___,3,Villaverde Alto-Moncloa,mode_1
4__4___,4,Argüelles-Pinar de Chamartín,mode_1
4__5___,5,Alameda de Osuna-Casa de Campo,mode_1
4__6___,6,Circular,mode_1
4__7___,7,Hospital del Henares-Pitis,mode_1
4__8___,8,Nuevos Ministerios - Aeropuerto T4,mode_1
4__9___,9,Paco de Lucía-Arganda del Rey,mode_1
4__10___,10,Hospital Infanta Sofía-Puerta del Sur,mode_1
4__11___,11,Plaza Elíptica-La Fortuna,mode_1
4__12___,12,MetroSur,mode_1
4__R___,R,Opera-Príncipe Pío,mode_1
10__ML1___,ML1,Pinar de Chamartín - Las Tablas,mode_0
10__ML2___,ML2,Colonia Jardín - Estación de Aravaca,mode_0
10__ML3___,ML3,Colonia Jardín - Puerta de Boadilla,mode_0
10__ML4___,ML4,Tranvía de Parla (Línea Circular),mode_0
5__C1___,C1,Príncipe Pío-Atocha-Recoletos-Chamartín-Aeropuerto T4,mode_2
5__C2___,C2,Guadalajara-Alcalá de Henares-Atocha-Chamartín,mode_2
5__C3___,C3,Aranjuez-Atocha-Sol-Chamartín,mode_2
5__C4_A__,C4A,Parla-Atocha-Sol-Chamartín-Cantoblanco-Alcobendas S.Sebastián de los Reyes,mode_2
5__C4_B__,C4B,Parla-Atocha-Sol-Chamartín-Cantoblanco-Colmenar Viejo,mode_2
5__C5___,C5,Móstoles El Soto-Atocha-Fuenlabrada-Humanes,mode_2
5__C7___,C7,Alcalá de Henares-Atocha-Chamartín-P.Pío,mode_2
5__C8___,C8,Guadalajara-Alcalá de Henares-Atocha-Chamartín-Villalba-Cercedilla,mode_2
5__C9___,C9,Cercedilla-Cotos,mode_2
5__C10___,C10,Villalba-Príncipe Pío-Atocha-Recoletos-Chamartín-Aeropuerto T4,mode_2
6__1___,1,CRISTO REY-PROSPERIDAD,mode_3
6__2___,2,MANUEL BECERRA-REINA VICTORIA,mode_3
6__3___,3,PUERTA TOLEDO-SAN AMARO,mode_3
6__4___,4,CIUDAD LINEAL-PUERTA ARGANDA,mode_3
6__5___,5,SOL/SEVILLA-CHAMARTIN,mode_3
6__6___,6,BENAVENTE-ORCASITAS,mode_3
6__7___,7,ALONSO MARTINEZ-MANOTERAS,mode_3
6__8___,8,LEGAZPI-VALDEBERNARDO,mode_3
6__9___,9,SOL/SEVILLA-HORTALEZA,mode_3
6__10___,10,CIBELES-PALOMERAS,mode_3
6__11___,11,MARQUES DE VIANA-BARRIO BLANCO,mode_3
6__12___,12,CRISTO REY-MARQUES DE ZAFRA,mode_3
6__14___,14,CONDE DE CASAL-PIO XII,mode_3
6__15___,15,SOL/SEVILLA-LA ELIPA,mode_3
6__16___,16,MONCLOA-PIO XII,mode_3
6__17___,17,PLAZA MAYOR-PARQUE EUROPA,mode_3
6__18___,18,PLAZA MAYOR-VILLAVERDE CRUCE,mode_3
6__19___,19,PLAZA CATALUÑA-LEGAZPI,mode_3
6__20___,20,SOL/SEVILLA-PAVONES,mode_3
6__21___,21,PINTOR ROSALES-EL SALVADOR,mode_3
6__22___,22,LEGAZPI-VILLAVERDE ALTO,mode_3
6__23___,23,PLAZA MAYOR-VILLAVERDE CRUCE,mode_3
6__24___,24,ESTACION DE ATOCHA-EL POZO,mode_3
6__25___,25,PLAZA ESPAÑA-CASA DE CAMPO,mode_3
6__26___,26,TIRSO DE MOLINA-DIEGO DE LEON,mode_3
6__27___,27,EMBAJADORES-PLAZA CASTILLA,mode_3
6__28___,28,PUERTA ALCALA-Bº CANILLEJAS,mode_3
6__29___,29,FELIPE II-MANOTERAS,mode_3
6__30___,30,FELIPE II-PAVONES,mode_3
6__31___,31,PLAZA MAYOR-ALUCHE,mode_3
6__32___,32,BENAVENTE-PAVONES,mode_3
6__33___,33,PRINCIPE PIO-CASA DE CAMPO,mode_3
6__34___,34,CIBELES-LAS AGUILAS,mode_3
6__35___,35,PLAZA MAYOR-CARABANCHEL ALTO,mode_3
6__36___,36,ATOCHA-CAMPAMENTO,mode_3
6__37___,37,CUATRO CAMINOS-PUENTE VALLECAS,mode_3
6__38___,38,MANUEL BECERRA-LAS ROSAS,mode_3
6__39___,39,PLAZA ESPAÑA-SAN IGNACIO,mode_3
6__40___,40,TRIBUNAL-ALFONSO XIII,mode_3
6__41___,41,ATOCHA-COLONIA MANZANARES,mode_3
6__42___,42,PLAZA CASTILLA-Bº PEÑAGRANDE,mode_3
6__43___,43,FELIPE II-ESTRECHO,mode_3
6__44___,44,CALLAO-MARQUES DE VIANA,mode_3
6__45___,45,LEGAZPI-REINA VICTORIA,mode_3
6__46___,46,SOL/SEVILLA-MONCLOA,mode_3
6__47___,47,ATOCHA-CARABANCHEL ALTO,mode_3
6__48___,48,MANUEL BECERRA-Bº CANILLEJAS,mode_3
6__49___,49,PLAZA CASTILLA-PITIS,mode_3
6__50___,50,PLAZA MAYOR-AVENIDA MANZANARES,mode_3
6__51___,51,SOL/SEVILLA-PLAZA PERU,mode_3
6__52___,52,SOL/SEVILLA-SANTAMARCA,mode_3
6__53___,53,SOL/SEVILLA-ARTURO SORIA,mode_3
6__54___,54,ESTACION DE ATOCHA-CONGOSTO,mode_3
6__55___,55,ATOCHA-BATAN,mode_3
6__56___,56,DIEGO DE LEON-PUENTE VALLECAS,mode_3
6__57___,57,EST. ATOCHA-ALTO DEL ARENAL,mode_3
6__58___,58,PUENTE VALLECAS-SANTA EUGENIA,mode_3
6__59___,59,EST. ATOCHA-SAN CRISTOBAL,mode_3
6__60___,60,PLAZA CEBADA-ORCASITAS,mode_3
6__61___,61,MONCLOA-NARVAEZ,mode_3
6__62___,62,CRISTO REY-LOS PUERTOS,mode_3
6__63___,63,FELIPE II-SANTA EUGENIA,mode_3
6__64___,64,CUATRO CAMINOS-PITIS,mode_3
6__65___,65,BENAVENTE-GRAN CAPITAN,mode_3
6__66___,66,CUATRO CAMINOS-FUENCARRAL,mode_3
6__67___,67,PLAZA CASTILLA-Bº PEÑAGRANDE,mode_3
6__70___,70,PLAZA CASTILLA-ALSACIA,mode_3
6__71___,71,MANUEL BECERRA-PUERTA ARGANDA,mode_3
6__72___,72,DIEGO DE LEON-HORTALEZA,mode_3
6__73___,73,DIEGO DE LEON-FERIA DE MADRID,mode_3
6__74___,74,PINTOR ROSALES-PARQUE AVENIDAS,mode_3
6__75___,75,CALLAO-COLONIA MANZANARES,mode_3
6__76___,76,PLAZA BEATA-VILLAVERDE ALTO,mode_3
6__77___,77,CIUDAD LINEAL-FIN DE SEMANA,mode_3
6__78___,78,EMBAJADORES-SAN FERMIN,mode_3
6__79___,79,LEGAZPI-VILLAVERDE ALTO,mode_3
6__81___,81,OPORTO-HOSPITAL 12 OCTUBRE,mode_3
6__82___,82,MONCLOA-PITIS,mode_3
6__83___,83,MONCLOA-BARRIO DEL PILAR,mode_3
6__85___,85,ESTACION DE ATOCHA-BUTARQUE,mode_3
6__86___,86,EST. ATOCHA-VILLAVERDE ALTO,mode_3
6__87___,87,REP.DOMINICANA-LAS CARCAVAS,mode_3
6__100___,100,MORATALAZ-VALDERRIVAS,mode_3
6__101___,101,CANILLEJAS-BARAJAS,mode_3
6__102___,102,EST. ATOCHA-ESTACION EL POZO,mode_3
6__103___,103,ESTACION EL POZO-ECOBULEVAR,mode_3
6__104___,104,CIUDAD LINEAL-MAR DE CRISTAL,mode_3
6__105___,105,CIUDAD LINEAL-BARAJAS,mode_3
6__106___,106,MANUEL BECERRA-VICALVARO,mode_3
6__107___,107,PLAZA CASTILLA-HORTALEZA,mode_3
6__108___,108,OPORTO-CEMENTERIO CARABANCHEL,mode_3
6__109___,109,CIUDAD LINEAL-CASTILLO UCLES,mode_3
6__110___,110,MANUEL BECERRA-CMTº ALMUDENA,mode_3
6__111___,111,PUENTE VALLECAS-ENTREVIAS,mode_3
6__112___,112,MAR CRISTAL-BARRIO AEROPUERTO,mode_3
6__113___,113,MENDEZ ALVARO-CIUDAD LINEAL,mode_3
6__114___,114,AVENIDA AMERICA-Bº AEROPUERTO,mode_3
6__115___,115,AVENIDA AMERICA-BARAJAS,mode_3
6__116___,116,EMBAJADORES-VILLAVERDE CRUCE,mode_3
6__118___,118,EMBAJADORES-LA PESETA,mode_3
6__119___,119,ATOCHA-BARRIO GOYA,mode_3
6__120___,120,PLAZA LIMA-HORTALEZA,mode_3
6__121___,121,CAMPAMENTO-HOSPITAL 12 OCTUBRE,mode_3
6__122___,122,AVENIDA AMERICA-FERIA MADRID,mode_3
6__123___,123,LEGAZPI-BUTARQUE,mode_3
6__124___,124,CUATRO CAMINOS-LACOMA,mode_3
6__125___,125,MAR CRISTAL-H.RAMON Y CAJAL,mode_3
6__126___,126,N.MINISTERIOS-BARRIO DEL PILAR,mode_3
6__127___,127,CUATRO CAMINOS-C. PERIODISTAS,mode_3
6__128___,128,C. CAMINOS-BARRIO DEL PILAR,mode_3
6__129___,129,PLAZA CASTILLA-MANOTERAS,mode_3
6__130___,130,VILLAVERDE ALTO-VICALVARO,mode_3
6__131___,131,CAMPAMENTO-VILLAVERDE ALTO,mode_3
6__132___,132,MONCLOA-HOSPITAL LA PAZ,mode_3
6__133___,133,CALLAO-MIRASIERRA,mode_3
6__134___,134,PLAZA CASTILLA-MONTECARMELO,mode_3
6__135___,135,PLAZA CASTILLA-H.RAMON Y CAJAL,mode_3
6__136___,136,PACIFICO-MADRID SUR,mode_3
6__137___,137,PUERTA HIERRO-FUENCARRAL,mode_3
6__138___,138,CRISTO REY-SAN IGNACIO,mode_3
6__139___,139,D.PRINCIPE-CARABANCHEL ALTO,mode_3
6__140___,140,PAVONES-CANILLEJAS,mode_3
6__141___,141,EST. ATOCHA-BUENOS AIRES,mode_3
6__142___,142,PAVONES-ENSANCHE VALLECAS,mode_3
6__143___,143,MANUEL BECERRA-VILLA VALLECAS,mode_3
6__144___,144,PAVONES-ENTREVIAS,mode_3
6__145___,145,CONDE CASAL-ENSANCHE VALLECAS,mode_3
6__146___,146,CALLAO-LOS MOLINOS,mode_3
6__147___,147,CALLAO-BARRIO DEL PILAR,mode_3
6__148___,148,CALLAO-PUENTE VALLECAS,mode_3
6__149___,149,TRIBUNAL-PLAZA CASTILLA,mode_3
6__150___,150,SOL/SEVILLA-VIRGEN CORTIJO,mode_3
6__151___,151,CANILLEJAS-BARAJAS,mode_3
6__152___,152,FELIPE II-MENDEZ ALVARO,mode_3
6__153___,153,LAS ROSAS-MAR DE CRISTAL,mode_3
6__155___,155,PLAZA ELIPTICA-ALUCHE,mode_3
6__156___,156,MANUEL BECERRA-LEGAZPI,mode_3
6__159___,159,ALSACIA-EL CAÑAVERAL,mode_3
6__160___,160,MONCLOA-ARAVACA,mode_3
6__161___,161,MONCLOA-ARAVACA SUR,mode_3
6__162___,162,MONCLOA-EL BARRIAL,mode_3
6__163___,163,ESTACION DE ARAVACA-EL PLANTIO,mode_3
6__165___,165,ALSACIA-HOSPITAL RAMON Y CAJAL,mode_3
6__166___,166,BARAJAS-HOSPITAL RAMON Y CAJAL,mode_3
6__167___,167,ALSACIA-FIN DE SEMANA,mode_3
6__170___,170,ARROYO FRESNO-SANCHINARRO,mode_3
6__171___,171,MAR DE CRISTAL-VALDEBEBAS,mode_3
6__172___,172,MAR DE CRISTAL-TELEFONICA,mode_3
6__173___,173,PLAZA CASTILLA-SANCHINARRO,mode_3
6__174___,174,PLAZA CASTILLA-VALDEBEBAS,mode_3
6__175___,175,PZA.CASTILLA-LAS TABLAS NORTE,mode_3
6__176___,176,PLAZA CASTILLA-LAS TABLAS SUR,mode_3
6__177___,177,PLAZA CASTILLA-MQUES.DE VIANA,mode_3
6__178___,178,PLAZA CASTILLA-MONTECARMELO,mode_3
6__180___,180,LEGAZPI-CAJA MAGICA,mode_3
6__200___,200,AVENIDA AMERICA-AEROPUERTO,mode_3
6__203___,203,ESTACION DE ATOCHA-AEROPUERTO,mode_3
6__210___,210,DIEGO DE LEON-LA ELIPA,mode_3
6__215___,215,FELIPE II-PARQUE ROMA,mode_3
6__247___,247,ATOCHA-SAN JOSE OBRERO,mode_3
6__310___,310,PACIFICO-ESTACION EL POZO,mode_3
6__001___,001,ESTACION DE ATOCHA-MONCLOA,mode_3
6__002___,002,PUERTA TOLEDO-ARGÜELLES,mode_3
6__A___,A,MONCLOSOMOSAGUAS,mode_3
6__C03___,C03,PUERTA TOLEDO-ARGÜELLES,mode_3
6__C1___,C1,CIRCULAR 1,mode_3
6__C2___,C2,CIRCULAR 2,mode_3
6__E___,E,CONDE CASAL-SIERRA GUADALUPE,mode_3
6__E1___,E1,CIBELES-LA PESETA,mode_3
6__E2___,E2,FELIPE II-LAS ROSAS,mode_3
6__E3___,E3,FELIPE II-VALDERRIVAS,mode_3
6__E4___,E4,FELIPE II-VALDEBERNARDO,mode_3
6__E5___,E5,MANUEL BECERRA-EL CAÑAVERAL,mode_3
6__F___,F,CUATRO CAMINOS-C.UNIVERSITARIA,mode_3
6__G___,G,MONCLOA-CIUDAD UNIVERSITARIA,mode_3
6__H___,H,ALUCHE-SOMOSAGUAS,mode_3
6__H1___,H1,SIERRA GUADALUPE-H.I.LEONOR,mode_3
6__M1___,M1,SOL/SEVILLA-EMBAJADORES,mode_3
6__SE702___,SE702,PLAZA ELIPTICA-CEMENTERIO SUR,mode_3
6__SE704___,SE704,PLAZA CASTILLA-CMTº FUENCARRAL,mode_3
6__SE709___,SE709,FERIA DE MADRID-H. I. ZENDAL,mode_3
6__SE712___,SE712,SOL/SEVILLA-PUERTA DE TOLEDO,mode_3
6__SE718___,SE718,PUERTA ARGANDA-CAÑADA REAL,mode_3
6__SE721___,SE721,CANILLEJAS-METROPOLITANO,mode_3
6__SE727___,SE727,C.S.VILLAAMIL-C.S.CASTROVIEJO,mode_3
6__SE744___,SE744,CANILLEJAS-REJAS,mode_3
6__T11___,T11,MAR DE CRISTAL-CRISTALIA,mode_3
6__T23___,T23,PUERTA ARGANDA-P.IND.VICALVARO,mode_3
6__T31___,T31,EST.EL POZO-SIERRA GUADALUPE,mode_3
6__T32___,T32,LEGAZPI-MERCAMADRID,mode_3
6__T41___,T41,VILLAVERDE ALTO-P.I.LA RESINA,mode_3
6__T61___,T61,ESTACION FUENCARRAL-LAS TABLAS,mode_3
6__T62___,T62,PLAZA CASTILLA-CHAMARTIN,mode_3
6__U___,U,AVENIDA SENECA-PARANINFO,mode_3
8__151___,151,MADRID (Plaza de Castilla) - ALCOBENDAS,mode_3
8__152_C__,152C,MADRID (Plaza de Castilla)-S.S. DE LOS REYES (Dehesa Vieja),mode_3
8__153___,153,MADRID (Plaza de Castilla)-ALCOBENDAS-ROSA LUXEMBURGO,mode_3
8__154___,154,MADRID (Chamartín)-S.S. REYES CIRCULAR (Por Fuencarral),mode_3
8__154_C__,154C,MADRID (Plaza de Castilla)-S.S. DE LOS REYES (Avda. de los Quiñones),mode_3
8__155___,155,MADRID (Plaza de Castilla)-EL SOTO DE LA MORALEJA,mode_3
8__155_B__,155B,MADRID (Plaza de Castilla)-EL ENCINAR DE LOS REYES,mode_3
8__156___,156,MADRID (Plaza de Castilla)-S.S. DE LOS REYES (P.I. Moscatelares),mode_3
8__157___,157,MADRID (Plaza de Castilla)-ALCOBENDAS (P.Chopera),mode_3
8__157_C__,157C,MADRID (Plaza de Castilla)-ALCOBENDAS (Valdelasfuentes),mode_3
8__158___,158,MADRID (Pinar de Chamartín) - SAN SEBASTIÁN DE LOS REYES (Tempranales),mode_3
8__159___,159,MADRID (Plaza de Castilla)-ALCOBENDAS (Arroyo de la Vega),mode_3
8__161___,161,MADRID (Plaza de Castilla)-URB. FUENTE DEL FRESNO,mode_3
8__166___,166,SAN SEBASTIAN DE LOS REYES - URBANIZACION VALDELAGUA,mode_3
8__180___,180,ALCOBENDAS-ALGETE,mode_3
8__181___,181,MADRID (Plaza de Castilla)-ALGETE,mode_3
8__182___,182,MADRID (Plaza de Castilla)-ALGETE-VALDEOLMOS,mode_3
8__183___,183,MADRID (Plaza de Castilla)-COBEÑA-ALGETE,mode_3
8__184___,184,MADRID (Plaza de Castilla)-EL CASAR,mode_3
8__185___,185,MADRID (Plaza de Castilla)-NUEVO ALGETE,mode_3
8__263___,263,MADRID (Barajas)-COBEÑA-ALGETE,mode_3
8__720___,720,COLMENAR VIEJO (Estación FF.CC.) - COLLADO VILLALBA,mode_3
8__721___,721,MADRID (Plaza de Castilla)-COLMENAR VIEJO,mode_3
8__722___,722,MADRID (Plaza de Castilla) - COLMENAR VIEJO (Navallar),mode_3
8__723___,723,COLMENAR VIEJO-TRES CANTOS,mode_3
8__724___,724,MADRID (Plaza de Castilla)-MANZANARES-EL BOALO,mode_3
8__725___,725,MADRID (Plaza de Castilla)-MIRAFLORES-BUSTARVIEJO-VALDEMANCO,mode_3
8__726___,726,MADRID (Plaza de Castilla)-GUADALIX-NAVALAFUENTE,mode_3
8__727___,727,COLMENAR VIEJO-SAN AGUSTÍN DEL GUADALIX,mode_3
8__SE720___,SE720,EST. COLMENAR - SOTO DEL REAL - MANZANARES EL REAL,mode_3
9__1__045_,1,EST. COMENAR VIEJO - LAS ADELFILLAS,mode_3
9__2__045_,2,EST. COLMENAR VIEJO - AV. REMEDIOS,mode_3
9__4__134_,4,POLIDEPORTIVO-MOSCATELARES,mode_3
9__5__006_,5,S. S. DE LOS REYES-ALCOBENDAS-SOTO MORALEJA,mode_3
9__6__006_,6,ESTACIÓN FFCC VALDELASFUENTES-POLG. INDUSTRIAL,mode_3
9__7__134_,7,ESTACIÓN FFCC-POLÍGONOS-ESTACIÓN FFCC,mode_3
9__9__006_,9,ESTACIÓN FFCC-ARROYO DE LA VEGA,mode_3
9__10__006_,10,CIRCULAR DE ALCOBENDAS,mode_3
9__11__006_,11,CIRCULAR DE ALCOBENDAS,mode_3
8__571___,571,MADRID (Aluche)-BOADILLA (Por Urb. Montepríncipe),mode_3
8__572___,572,MADRID (Aluche)-CIUDAD DE LA IMAGEN,mode_3
8__573___,573,MADRID (Moncloa)-BOADILLA (Por Urb. Montepríncipe),mode_3
8__574___,574,MADRID (Aluche)-BOADILLA DEL MONTE (Por Ciudad Financiera),mode_3
8__575___,575,BOADILLA DEL MONTE-BRUNETE,mode_3
8__591___,591,MADRID (Aluche) - ETSI  Informáticos,mode_3
8__865___,865,MADRID (Moncloa) - CAMPUS UPM MONTEGANCEDO,mode_3
9__1__022_,1,PASEO DE MADRID-OLIVAR-PARQUE-LAS LOMAS,mode_3
9__2__022_,2,FERIAL DE BOADILLA-VALDEPASTORES-LAS LOMAS,mode_3
9__3__022_,3,FERIAL DE BOADILLA-VALDECABAÑAS-BONANZA,mode_3
9__4__022_,4,BOADILLA CENTRO - EL PASTEL,mode_3
9__1__013_,1,EST. ARANJUEZ - LA ARBOLEDA DE LA REINA,mode_3
9__2__013_,2,EST. ARANJUEZ - RESIDENCIA,mode_3
9__3__013_,3,EST. ARANJUEZ -  EL PINO,mode_3
9__4__013_,4,EST. ARANJUEZ - HOSPITAL - PAU DE LA MONTAÑA,mode_3
9__5__013_,5,EST. ARANJUEZ - HOSPITAL DEL TAJO,mode_3
8__500___,500,PZA. DE ESPAÑA - GLORIETA DE LOS CARMENES,mode_3
8__480___,480,MADRID (Plaza Elíptica)-LEGANÉS (Estación FFCC),mode_3
8__481___,481,MADRID (Oporto)-LEGANÉS (Parquesur-Hospital),mode_3
8__482___,482,MADRID (Aluche) - LEGANÉS (Arroyo Culebro),mode_3
8__483___,483,MADRID (Aluche)-LEGANÉS (Vereda de los Estudiantes),mode_3
8__484___,484,MADRID (Oporto)-LEGANÉS (Estación FFCC),mode_3
8__485___,485,MADRID (Aluche)-LEGANÉS (Norte-Montepinos),mode_3
8__486___,486,MADRID (Oporto)-LEGANÉS (Valdepelayo),mode_3
8__487___,487,MADRID (Aluche)-LEGANÉS (San Nicasio),mode_3
8__488___,488,LEGANÉS (San Nicasio)-GETAFE (Getafe Norte),mode_3
8__491___,491,MADRID (Aluche)-FUENLABRADA (Bº Naranjo),mode_3
8__492___,492,MADRID (Aluche)-FUENLABRADA (P. Granada),mode_3
8__493___,493,MADRID (Aluche)-FUENLABRADA (Urb. Loranca),mode_3
8__495___,495,MADRID (Príncipe Pío)-ARROYOMOLINOS-MORALEJA DE ENMEDIO,mode_3
8__496___,496,FUENLABRADA-MORALEJA DE ENMEDIO-ARROYOMOLINOS (Xanadú),mode_3
8__497___,497,LEGANÉS (Parque Sur)-MORALEJA DE ENMEDIO (Las Colinas),mode_3
8__498___,498,MÓSTOLES - ARROYOMOLINOS - MORALEJA DE ENMEDIO,mode_3
8__498_A__,498A,MÓSTOLES (Móstoles - Central) - ARROYOMOLINOS (Parque de Nieve),mode_3
8__499___,499,MÓSTOLES-ARROYOMOLINOS,mode_3
9__1__074_,1,VEREDA DE LOS ESTUDIANTES-LA FORTUNA,mode_3
9__1_A_015_,1A,CIRCULAR ARROYOMOLINOS,mode_3
9__1_B_015_,1B,CIRCULAR ARROYOMOLINOS,mode_3
8__260___,260,ALCALÁ DE HENARES-AMBITE-ORUSCO,mode_3
8__261___,261,MADRID (Av. de América) - NUEVO BAZTÁN-VILLAR DEL OLMO,mode_3
8__312___,312,MADRID (Conde de Casal)-ARGANDA (El Mirador),mode_3
8__312_A__,312A,MADRID (Conde de Casal)-ARGANDA (El Mirador por La Poveda),mode_3
8__313___,313,MADRID (Conde de Casal)-VALDILECHA,mode_3
8__320___,320,ARGANDA DEL REY-ALCALÁ DE HENARES,mode_3
8__321___,321,ARGANDA (Hospital)-VILLAR DEL OLMO,mode_3
8__322___,322,ARGANDA DEL REY (Hospital)-AMBITE,mode_3
8__326___,326,MADRID (Conde de Casal)-MONDEJAR-DRIEBES,mode_3
9__1__014_,1,RESIDENCIA-LA POVEDA,mode_3
9__2__014_,2,LA POVEDA-SIETE VIENTOS-HOSPITAL,mode_3
9__4__014_,4,CIRCULAR ARGANDA,mode_3
8__330___,330,RIVAS-ARGANDA (Hospital)-MORATA,mode_3
8__331___,331,MADRID (Conde de Casal)-RIVAS (Sta. Mónica)-RIVAS FUTURA,mode_3
8__332___,332,MADRID (Conde de Casal)-RIVAS PUEBLO,mode_3
8__333___,333,Madrid (Conde de Casal) - Rivas (Bellavista),mode_3
8__334___,334,MADRID (Conde de Casal) - RIVAS FUTURA,mode_3
8__336___,336,MADRID (Conde de Casal)-MORATA DE TAJUÑA,mode_3
8__337___,337,MADRID (Conde de Casal)-CHINCHÓN-VALDELAGUNA,mode_3
8__339___,339,MADRID (Conde de Casal)-VALDEMINGÓMEZ,mode_3
8__410___,410,ARANJUEZ-CIEMPOZUELOS-SAN MARTÍN DE LA VEGA,mode_3
8__411___,411,MADRID (Legazpi) - PERALES DEL RÍO,mode_3
8__412___,412,MADRID (Villaverde Bajo-Cruce)-SAN MARTÍN DE LA VEGA,mode_3
8__413___,413,PINTO (FFCC)-SAN MARTÍN DE LA VEGA,mode_3
8__414___,414,MADRID (Villaverde Bajo-Cruce)-C.P. MADRID III,mode_3
8__415___,415,MADRID (Villaverde Bajo-Cruce)-VILLACONEJOS,mode_3
8__416___,416,VALDEMORO (Hosp.)-S. M. DE LA VEGA-TITULCIA-COLMENAR DE OREJA,mode_3
9__1__123_,1,BARRIO DE LA LUNA - RIVAS PUEBLO,mode_3
9__1__132_,1,CIRCULAR SAN MARTIN DE LA VEGA,mode_3
9__1__091_,1,MORATA DE TAJUÑA-ISLA TARAY,mode_3
9_i_1__132_,i1,RUTAS INSTITUTOS,mode_3
8__641___,641,MADRID (Moncloa)-VALDEMORILLO,mode_3
8__642___,642,MADRID (Moncloa)-COLMENAR DEL ARROYO,mode_3
8__643___,643,MADRID (Moncloa)-VILLANUEVA DEL PARDILLO,mode_3
8__FS1___,FS1,LAS ROZAS (Centros Comerciales) - VALDEMORILLO,mode_3
8__630___,630,VILLALBA (Estación)-GALAPAGAR-COLMENAREJO-VALDEMORILLO,mode_3
8__631___,631,MADRID (Moncloa)-TORRELODONES (Colonia)-GALAPAGAR-COLMENAREJO,mode_3
8__632___,632,MADRID (Moncloa)-LA NAVATA-GALAPAGAR-EL GUIJO,mode_3
8__633___,633,MAJADAHONDA (Hospital)-TORRELODONES (Colonia)-GALAPAGAR-COLMENAREJO,mode_3
8__634___,634,COLMENAREJO - GALAPAGAR - EST. LA NAVATA,mode_3
8__635___,635,MADRID (Moncloa)-TORRELODONES (Colonia)-LA NAVATA-GALAPAGAR,mode_3
9__1__152_,1,FFCC-PUEBLO-ÁREA HOMOGÉNEA SUR,mode_3
9__2__152_,2,FFCC-AVENIDA DEHESA-LOS ROBLES,mode_3
9__4__152_,4,FFCC-PUEBLO-LOS PEÑASCALES,mode_3
9__5__152_,5,FFCC-PUEBLO-LOS PEÑASCALES (Por Pº Joaquín Ruiz J.),mode_3
8__670___,670,COLLADO VILLALBA (Hospital)-MORALZARZAL,mode_3
8__671___,671,MADRID (Moncloa)-MORALZARZAL,mode_3
8__672___,672,MADRID (Moncloa)-CERCEDA (Por Mataelpino),mode_3
8__672_A__,672A,MADRID (Moncloa)-CERCEDA (Directo),mode_3
8__673___,673,MADRID (Moncloa)-COLLADO VILLALBA (Hospital),mode_3
8__876___,876,MADRID (Plaza de Castilla)-MORALZARZAL-COLLADO VILLALBA,mode_3
9__1__047_,1,FFCC-PQUE. CORUÑA-LOS VALLES-PUEBLO-URBANIZACIONES,mode_3
9__2__047_,2,FFCC-PQUE. CORUÑA-CENTRO SALUD-LOS NEGRALES-FFCC,mode_3
9__3__047_,3,FF.CC. - EL GORRONAL - HOSPITAL,mode_3
9__4__047_,4,FFCC-PQUE. CORUÑA-PUEBLO,mode_3
9__6__047_,6,FFCC-CANTOS ALTOS-PUEBLO-ARROYO ARRIBA,mode_3
8__580___,580,MAJADAHONDA(Hospital)-BRUNETE,mode_3
8__581___,581,MADRID (Príncipe Pío)-BRUNETE-QUIJORNA,mode_3
8__620___,620,LAS MATAS-HOSPITAL PUERTA DE HIERRO,mode_3
8__621___,621,MADRID (Moncloa)-LAS ROZAS,mode_3
8__622___,622,MADRID (Moncloa)-LAS ROZAS-LAS MATAS,mode_3
8__623___,623,MADRID (Moncloa)-LAS ROZAS-URB.VILLAFRANCA DEL CASTILLO,mode_3
8__624___,624,MADRID (Moncloa)-COL.VERACRUZ-LAS ROZAS,mode_3
8__624_A__,624A,MADRID (Moncloa) - LAS ROZAS (La Marazuela),mode_3
8__625___,625,MADRID (Moncloa)-MONTE ROZAS,mode_3
8__626___,626,LAS ROZAS-MAJADAHONDA-VILLANUEVA DE LA CAÑADA,mode_3
8__626_A__,626A,MAJADAHONDA (Estación FFCC)-VILLANUEVA DEL PARDILLO,mode_3
8__627___,627,MADRID (Moncloa)-VILLANUEVA DE LA CAÑADA-BRUNETE,mode_3
8__628___,628,MADRID (Moncloa)-P.EMPRESARIAL-EL CANTIZAL,mode_3
8__629___,629,MADRID (Moncloa)-LAS ROZAS (Parque Empresarial),mode_3
9__1__127_,1,LAS ROZAS-URBANIZACIÓN MOLINO DE LA HOZ,mode_3
9__2__127_,2,LAS ROZAS - MONTE ROZAS - EL ENCINAR,mode_3
8__171___,171,MADRID (Plaza de Castilla)-URB. SANTO DOMINGO,mode_3
9__8__134_,8,CIRCULAR CIUDALCAMPO,mode_3
8__827___,827,MADRID (Canillejas)-ALCOBENDAS-UNIVERSIDAD AUTÓNOMA-TRES CANTOS,mode_3
8__827_A__,827A,ALCOBENDAS-S. S. DE LOS REYES-UNIV. AUTÓNOMA,mode_3
8__828___,828,MADRID (Canillejas)-ALCOBENDAS-UNIVERSIDAD AUTÓNOMA,mode_3
9__1__006_,1,ARROYO DE LA VEGA-EL SOTO-LA MORALEJA,mode_3
9__2__006_,2,ALCOBENDAS-LA MORALEJA,mode_3
9__3__006_,3,ARROYO DE LA VEGA-SOTO DE LA MORALEJA-EL ENCINAR DE LOS REYES,mode_3
8__510___,510,ALCORCÓN-VILLAVICIOSA-EL BOSQUE,mode_3
8__510_A__,510A,MADRID (Colonia Jardín) - VILLAVICIOSA DE ODÓN - ALCORCÓN,mode_3
8__511___,511,MADRID (Príncipe Pío)-ALCORCÓN (Por Parque Lisboa),mode_3
8__512___,512,MADRID (Príncipe Pío)-ALCORCÓN (Por C. de los Cantos),mode_3
8__513___,513,MADRID (Príncipe Pío)-ALCORCÓN (P.I. Urtinsa),mode_3
8__514___,514,MADRID (Príncipe Pío) - ALCORCÓN (por Los Castillos),mode_3
8__516___,516,MADRID (Príncipe Pío)-ALCORCÓN (Por Universidad Rey Juan Carlos),mode_3
8__517___,517,MADRID (Cuatro Vientos) - ALCORCÓN (Fuente Cisneros),mode_3
8__518___,518,MADRID (Príncipe Pío)-VILLAVICIOSA DE ODÓN,mode_3
8__519___,519,MÓSTOLES-VILLAVICIOSA DE ODÓN,mode_3
8__519_A__,519A,MÓSTOLES (Hospital Rey Juan Carlos) por El Soto-VILLAVICIOSA DE ODÓN (El Bosque),mode_3
8__520___,520,ALCORCÓN-MÓSTOLES,mode_3
8__521___,521,MADRID (Príncipe Pío)-MÓSTOLES,mode_3
8__522___,522,MADRID (Príncipe Pío)-MÓSTOLES (Por Pistas DGT),mode_3
8__523___,523,MADRID (Príncipe Pío)-MÓSTOLES (Villafontana),mode_3
8__524___,524,MADRID (Príncipe Pío) - MÓSTOLES SUR,mode_3
8__526___,526,FUENLABRADA - MÓSTOLES (Por FF.CC),mode_3
8__527___,527,MÓSTOLES (Estación FFCC)-FUENLABRADA (Urb. Loranca),mode_3
8__528___,528,MADRID (Príncipe Pío)-NAVALCARNERO,mode_3
8__529___,529,MÓSTOLES (Hospital Rey Juan Carlos)-NAVALCARNERO-EL ÁLAMO,mode_3
8__529_A__,529A,MÓSTOLES (Hospital Rey Juan Carlos)-NAVALCARNERO-BATRES,mode_3
8__529_H__,529H,MÓSTOLES (Hospital Rey Juan Carlos) - NAVALCARNERO,mode_3
8__530___,530,NAVALCARNERO-VILLANUEVA DE LA CAÑADA,mode_3
8__531___,531,MÓSTOLES (Hospital Rey Juan Carlos)-NAVALCARNERO-SEVILLA LA NUEVA,mode_3
8__531_A__,531A,MÓSTOLES (Hospital Rey Juan Carlos)-NAVALCARNERO-VILLAMANTILLA,mode_3
8__532___,532,MADRID (Colonia Jardín)-SEVILLA LA NUEVA,mode_3
8__534___,534,MADRID (Príncipe Pío)-URB. PARQUE COIMBRA-XANADÚ,mode_3
8__538___,538,MADRID (Príncipe Pío) - NAVALCARNERO (La Dehesa),mode_3
8__539___,539,MADRID (Príncipe Pío)-EL ÁLAMO,mode_3
9__1__096_,1,LA DEHESA-EL PINAR,mode_3
9__1__092_,1,LAS CUMBRES-ESTACIÓN FFCC,mode_3
9__1__007_,1,PUERTA DEL SUR - FUENTE CISNEROS,mode_3
9__2__092_,2,MÓSTOLES (Pradillo)-CEMENTERIO,mode_3
9__2__007_,2,ONDARRETA-PRADO STO DOMINGO,mode_3
9__3__007_,3,ALCORCÓN CENTRAL - PARQUE EL LUCERO,mode_3
9__3__092_,3,POLÍGONO INDUSTRIAL LAS NIEVES-MÓSTOLES PRADILLO,mode_3
9__4__092_,4,MÓSTOLES SUR - MÓSTOLES (HOSPITAL REY JUAN CARLOS),mode_3
9__5__092_,5,MOSTOLES (Estación FF.CC.) - PARQUE COIMBRA,mode_3
9__6__092_,6,UNIVERSIDAD REY JUAN CARLOS-URB. P.GUADARRAMA,mode_3
8__601___,601,MADRID (Moncloa)-EL PARDO-MINGORRUBIO,mode_3
8__602___,602,MADRID (Hospital La Paz)-EL PARDO-MINGORRUBIO,mode_3
8__640___,640,SAN LORENZO DE EL ESCORIAL-ROBLEDO CHAVELA-VALDEMAQUEDA,mode_3
8__640_A__,640A,ROBLEDO DE CHAVELA FFCC-ROBLEDO DE CHAVELA,mode_3
8__645___,645,MADRID (Moncloa)-ROBLEDO DE CHAVELA-CEBREROS,mode_3
8__660___,660,SAN LORENZO DE EL ESCORIAL-GUADARRAMA-VILLALBA,mode_3
8__661___,661,MADRID (Moncloa)-SAN LORENZO DE EL ESCORIAL (Por Galapagar),mode_3
8__661_A__,661A,MADRID (Moncloa)-LAS ZORRERAS (Por Galapagar),mode_3
8__662___,662,MADRID (Moncloa)-URB. MOLINO DE LA HOZ,mode_3
8__664___,664,MADRID (Moncloa)-SAN LORENZO DE EL ESCORIAL (Guadarrama),mode_3
8__665___,665,SAN LORENZO DE EL ESCORIAL-PEGUERINOS,mode_3
8__666___,666,SAN LORENZO DE EL ESCORIAL-ZARZALEJO-LAS NAVAS DEL MARQUÉS,mode_3
8__667___,667,MAJADAHONDA (Hospital)-SAN LORENZO DE EL ESCORIAL (Por Galapagar),mode_3
8__669___,669,SAN LORENZO DE EL ESCORIAL-VILLANUEVA DE LA CAÑADA,mode_3
8__669_A__,669A,S. L. DE EL ESCORIAL - FRESNEDILLAS - NAVALAGAMELLA,mode_3
9__1__131_,1,S. L. DE EL ESCORIAL-FFCC-S. L. DE EL ESCORIAL,mode_3
9__2__131_,2,EL ESCORIAL-SAN LORENZO DE EL ESCORIAL-HOSPITAL-LA PIZARRA,mode_3
9__3__054_,3,EL ESCORIAL-LAS ZORRERAS,mode_3
9__4__131_,4,CIRCULAR SAN LORENZO DE EL ESCORIAL,mode_3
8__350_A__,350A,ARGANDA (Hospital)-ESTREMERA,mode_3
8__350_B__,350B,ARGANDA (Hospital) - VILLAREJO - VILLAMANRIQUE DE TAJO,mode_3
8__350_C__,350C,ARGANDA (Hospital) - BELMONTE,mode_3
8__351___,351,MADRID (Rda. Atocha)-ESTREMERA-BARAJAS DE MELO,mode_3
8__352___,352,MADRID (Rda. Atocha)-FUENTIDUEÑA-TARANCÓN,mode_3
8__353___,353,MADRID (Rda. Atocha)-VILLAMANRIQUE-STA.CRUZ,mode_3
8__355___,355,FUENTIDUEÑA DE TAJO-CENTRO PENITENCIARIO-ESTREMERA,mode_3
9__1__058_,1,POLÍGONO SEVILLA-PARQUE MIRAFLORES,mode_3
9__2__058_,2,CIRCULAR VERDE,mode_3
9__3__058_,3,CIRCULAR ROJA,mode_3
9__4__058_,4,EL ARROYO-LA FUENTE-LORANCA,mode_3
9__6__058_,6,FF.CC. FUENLABRADA CENTRAL - CEMENTERIO,mode_3
9__13__058_,13,BARRIO NARANJO - FF.CC. FUENLABRADA CENTRAL,mode_3
8__330___,330,RIVAS-ARGANDA (Hospital)-MORATA,mode_3
8__331___,331,MADRID (Conde de Casal)-RIVAS (Sta. Mónica)-RIVAS FUTURA,mode_3
8__332___,332,MADRID (Conde de Casal)-RIVAS PUEBLO,mode_3
8__333___,333,Madrid (Conde de Casal) - Rivas (Bellavista),mode_3
8__334___,334,MADRID (Conde de Casal) - RIVAS FUTURA,mode_3
8__336___,336,MADRID (Conde de Casal)-MORATA DE TAJUÑA,mode_3
8__337___,337,MADRID (Conde de Casal)-CHINCHÓN-VALDELAGUNA,mode_3
8__339___,339,MADRID (Conde de Casal)-VALDEMINGÓMEZ,mode_3
8__410___,410,ARANJUEZ-CIEMPOZUELOS-SAN MARTÍN DE LA VEGA,mode_3
8__411___,411,MADRID (Legazpi) - PERALES DEL RÍO,mode_3
8__412___,412,MADRID (Villaverde Bajo-Cruce)-SAN MARTÍN DE LA VEGA,mode_3
8__413___,413,PINTO (FFCC)-SAN MARTÍN DE LA VEGA,mode_3
8__414___,414,MADRID (Villaverde Bajo-Cruce)-C.P. MADRID III,mode_3
8__415___,415,MADRID (Villaverde Bajo-Cruce)-VILLACONEJOS,mode_3
8__416___,416,VALDEMORO (Hosp.)-S. M. DE LA VEGA-TITULCIA-COLMENAR DE OREJA,mode_3
9__1__123_,1,BARRIO DE LA LUNA - RIVAS PUEBLO,mode_3
9__1__132_,1,CIRCULAR SAN MARTIN DE LA VEGA,mode_3
9__1__091_,1,MORATA DE TAJUÑA-ISLA TARAY,mode_3
9_i_1__132_,i1,RUTAS INSTITUTOS,mode_3
8__191___,191,MADRID (Plaza de Castilla)-BUITRAGO,mode_3
8__191_A__,191A,BUITRAGO-BRAOJOS,mode_3
8__191_B__,191B,BUITRAGO-SOMOSIERRA,mode_3
8__191_C__,191C,BUITRAGO-MONTEJO DE LA SIERRA,mode_3
8__191_D__,191D,BUITRAGO-ROBLEDILLO DE LA JARA,mode_3
8__191_E__,191E,BUITRAGO-CERVERA DE BUITRAGO,mode_3
8__193___,193,MADRID (Plaza de Castilla)-PEDREZUELA-EL VELLÓN,mode_3
8__193_A__,193A,EL MOLAR-COTOS DE MONTERREY-VENTURADA,mode_3
8__194___,194,MADRID (Plaza de Castilla)-RASCAFRÍA,mode_3
8__194_A__,194A,BUITRAGO-LOZOYUELA-RASCAFRÍA,mode_3
8__195___,195,MADRID (Plaza de Castilla)-BRAOJOS,mode_3
8__195_A__,195A,CIRCULAR BUITRAGO-GARGANTILLA (Por Lozoyuela),mode_3
8__195_B__,195B,CIRCULAR BUITRAGO-GARGANTILLA,mode_3
8__196___,196,MADRID (Plaza de Castilla)-LA ACEBEDA,mode_3
8__197___,197,MADRID (Plaza de Castilla)-TORRELAGUNA/UCEDA,mode_3
8__197_A__,197A,TORRELAGUNA-PATONES-UCEDA,mode_3
8__197_B__,197B,TORRELAGUNA-EL BERRUECO-LA CABRERA-VALDEMANCO,mode_3
8__197_C__,197C,TORRELAGUNA-VENTURADA/CABANILLAS,mode_3
8__197_D__,197D,TORRELAGUNA-EL VELLÓN-EL MOLAR,mode_3
8__197_E__,197E,TORRELAGUNA-VALDEPIÉLAGOS-TALAMANCA,mode_3
8__199_A__,199A,BUITRAGO - MONTEJO - MANJIRÓN - BUITRAGO,mode_3
8__210___,210,S. S. DE LOS REYES (Hospital)-PARACUELLOS DE JARAMA,mode_3
8__211___,211,MADRID (Canillejas) - PARACUELLOS,mode_3
8__212___,212,MADRID (Canillejas) - PARACUELLOS (Miramadrid),mode_3
8__213___,213,MADRID (Canillejas) - BELVIS,mode_3
8__215___,215,TORREJÓN DE ARDOZ - PARACUELLOS DE JARAMA,mode_3
8__220___,220,TORREJÓN DE ARDOZ-SAN FERNANDO DE HENARES,mode_3
8__222___,222,MADRID (Avda. América)-MECO,mode_3
8__223___,223,MADRID (Avda. América)-ALCALÁ DE HENARES,mode_3
8__224___,224,MADRID (Avda. América)-TORREJÓN DE ARDOZ,mode_3
8__224_A__,224A,MADRID (Avda. América)-TORREJÓN DE ARDOZ (La Mancha Amarilla),mode_3
8__226___,226,MADRID (Avda. América)-TORREJÓN DE ARDOZ (El Soto),mode_3
8__227___,227,MADRID (Avda. América)-ALCALÁ (Espartales-Universidad),mode_3
8__229___,229,MADRID (Avda. América)-ALCALÁ (Virgen del Val),mode_3
8__231___,231,ALCALÁ DE HENARES-URB. ZULEMA-EL VISO,mode_3
8__232___,232,ALCALÁ DE HENARES-TORRES DE LA ALAMEDA,mode_3
8__250___,250,ALCALÁ DE HENARES-MECO,mode_3
8__251___,251,TORREJÓN-VALDEAVERO-ALCALÁ,mode_3
8__252___,252,TORREJÓN-DAGANZO-ALCALÁ,mode_3
8__254___,254,VALDEOLMOS/FUENTE EL SAZ-ALCALÁ DE HENARES,mode_3
8__255___,255,VALDEAVERO-CAMARMA DE ESTERUELAS-ALCALÁ DE HENARES,mode_3
8__256___,256,MADRID (Canillejas)-DAGANZO-VALDEAVERO,mode_3
8__824___,824,MADRID (Aeropuerto) - TORREJÓN DE ARDOZ - ALCALÁ DE HENARES,mode_3
8__913___,913,TORRELAGUNA-EL ATAZAR,mode_3
8__FS2___,FS2,TORRELAGUNA - ALCALÁ DE HENARES,mode_3
9__1__108_,1,PEDREZUELA-URBANIZACIONES,mode_3
9__1__104_,1,URB. ALTOS DE JARAMA - MIRAMADRID,mode_3
9__2__148_,2,FRONTERAS-BARRIO CASTILLO-FRESNO,mode_3
9__2__104_,2,PICÓN DEL CURA - URB. LOS BERROCALES,mode_3
9__3__148_,3,LOS FRESNOS - PLAZA DE ESPAÑA - LOS ALMENDROS,mode_3
9__4__148_,4,TORREJÓN-PARQUE CORREDOR,mode_3
9__6__148_,6,PLAZA DE ESPAÑA - OASIZ,mode_3
9__1_A_148_,1A,CIRCULAR TORREJÓN,mode_3
9__1_B_148_,1B,CIRCULAR TORREJÓN,mode_3
9__5_A_148_,5A,CIRCULAR PARQUE EUROPA,mode_3
9__5_B_148_,5B,CIRCULAR PARQUE EUROPA,mode_3
8__271___,271,ALCALÁ DE HENARES-PEZUELA-PIOZ,mode_3
8__272___,272,ALCALÁ DE HENARES-VILLALBILLA,mode_3
8__275___,275,ALCALÁ-LOS SANTOS DE LA HUMOSA-ALCALÁ,mode_3
8__712___,712,MADRID (Plaza de Castilla) - TRES CANTOS (Por Avda. de Encuartes),mode_3
8__713___,713,MADRID (Plaza de Castilla)-TRES CANTOS (Por Avda. del Parque),mode_3
8__714___,714,MADRID (Plaza de Castilla)-UNIV.AUTÓNOMA-UNIV.COMILLAS,mode_3
8__716___,716,MADRID (Plaza de Castilla)-TRES CANTOS (Soto de Viñuelas),mode_3
9__1__903_,1,FFCC-AVENIDA VIÑUELAS-AVENIDA COLMENAR-FFCC,mode_3
9__2__903_,2,FFCC-AVENIDA COLMENAR-AVENIDA VIÑUELAS-FFCC,mode_3
9__3__903_,3,SOTO DE VIÑUELAS-TRES CANTOS FFCC-SOTO DE VIÑUELAS,mode_3
9__4__903_,4,NUEVO TRES CANTOS - TRES CANTOS FF.CC.,mode_3
9__5__903_,5,NUEVO TRES CANTOS - AV. VIÑUELAS,mode_3
8__280___,280,COSLADA (FFCC)-HOSPITAL-LOECHES,mode_3
8__281___,281,MADRID (Av. de América)-SAN FERNANDO DE HENARES,mode_3
8__282___,282,MADRID (Avda. América)-SAN FERNANDO-MEJORADA,mode_3
8__283___,283,MADRID (Avda. América)-COSLADA-SAN FERNANDO,mode_3
8__284___,284,MADRID (Av. de América)-VELILLA-LOECHES,mode_3
8__285___,285,COSLADA (San Fernando FFCC)-VELILLA-ARGANDA DEL REY,mode_3
8__286___,286,MADRID (Ciudad Lineal)-COSLADA (Ciudad 70),mode_3
8__287___,287,MADRID (Alsacia)-COSLADA (Barrio Estación),mode_3
8__288___,288,MADRID (Ciudad Lineal)-COSLADA-SAN FERNANDO,mode_3
8__289___,289,MADRID (Ciudad Lineal)-COSLADA (Hospital),mode_3
8__290___,290,MADRID (El Cañaveral) - COSLADA - PLENILUNIO,mode_3
8__340___,340,TORREJÓN DE ARDOZ-MEJORADA DEL CAMPO,mode_3
8__341___,341,MADRID (Conde de Casal)-MEJORADA-VELILLA,mode_3
8__432___,432,MADRID (Villaverde Bajo-Cruce)-LEGANÉS,mode_3
8__441___,441,MADRID (Plaza Elíptica)-GETAFE (Sector III-Paseo Juan José Rosón),mode_3
8__442___,442,MADRID (Plaza Elíptica)-GETAFE (Juan de la Cierva),mode_3
8__443___,443,MADRID (Plaza Elíptica)-GETAFE (Barrio Las Margaritas),mode_3
8__444___,444,MADRID (Plaza Elíptica)-GETAFE (Sector III-Islas Canarias),mode_3
8__446___,446,MADRID (Plaza Elíptica)-GETAFE (El Bercial),mode_3
8__447___,447,MADRID (Legazpi)-GETAFE (Hospital),mode_3
8__448___,448,MADRID (Legazpi)-GETAFE (Por Villaverde),mode_3
8__450___,450,GETAFE-LEGANÉS-ALCORCÓN,mode_3
8__455___,455,PINTO - GETAFE,mode_3
8__460___,460,MADRID (Plaza Elíptica)-PARLA-BATRES,mode_3
8__461___,461,MADRID (Plaza Elíptica)-PARLA,mode_3
8__462___,462,PARLA-GETAFE,mode_3
8__463___,463,MADRID (Plaza Elíptica)-PARLA-TORREJÓN DE VELASCO,mode_3
8__464___,464,MADRID (Plaza Elíptica)-PARLA-YUNCLILLOS,mode_3
8__466___,466,PARLA-VALDEMORO,mode_3
8__468___,468,GETAFE-GRIÑÓN/CASARRUBUELOS/SERRANILLOS,mode_3
8__469___,469,MADRID (Plaza Elíptica)-PARLA (Parla Este),mode_3
8__470___,470,MADRID (Plaza Elíptica) - HUMANES - GRIÑÓN,mode_3
8__471___,471,HUMANES-FUENLABRADA-PARLA-PINTO,mode_3
8__560___,560,POZUELO DE ALARCÓN-ALCORCÓN,mode_3
8__561___,561,MADRID (Aluche)-POZUELO-MAJADAHONDA-LAS ROZAS,mode_3
8__561_A__,561A,MADRID (Aluche)-POZUELO-MAJADAHONDA-LAS ROZAS (por Universidad),mode_3
8__561_B__,561B,MADRID (Aluche)-POZUELO-MAJADAHONDA-LAS ROZAS (por Av. Guadarrama),mode_3
8__562___,562,MADRID (Aluche)-POZUELO DE ALARCÓN,mode_3
8__563___,563,MADRID (Aluche)-POZUELO (Por Urb. Las Minas),mode_3
8__564___,564,MADRID (Aluche)-POZUELO (Por Somosaguas Sur),mode_3
8__565___,565,POZUELO (Est. El Barrial) - BOADILLA (Est. Puerta de Boadilla),mode_3
8__566___,566,BOADILLA DEL MONTE-POZUELO DE ALARCÓN,mode_3
8__567___,567,VILLAVICIOSA DE ODÓN-MAJADAHONDA,mode_3
8__610___,610,TORRELODONES-HOYO DE MANZANARES-COLMENAR VIEJO,mode_3
8__611___,611,MADRID (Moncloa)-HOYO DE MANZANARES,mode_3
8__611_A__,611A,MADRID (Moncloa)-HOYO DE MANZANARES (Por Urb. Las Colinas),mode_3
8__612___,612,MADRID (Moncloa)-TORRELODONES,mode_3
8__613___,613,MADRID (Moncloa)-TORRELODONES (Por Centro Comercial),mode_3
8__650_A__,650A,CIRCULAR POZUELO- MAJADAHONDA - POZUELO,mode_3
8__650_B__,650B,CIRCULAR POZUELO- MAJADAHONDA - POZUELO,mode_3
8__651___,651,MADRID (Moncloa)-MAJADAHONDA (Avda. de España),mode_3
8__652___,652,MADRID (Moncloa)-MAJADAHONDA (Carril del Tejar),mode_3
8__653___,653,MADRID (Moncloa)-MAJADAHONDA (Hospital) (Por FFCC),mode_3
8__654___,654,MADRID (Moncloa) - MAJADAHONDA (Urb. Los Satélites),mode_3
8__655___,655,MADRID (Moncloa)-MAJADAHONDA (Hospital),mode_3
8__656___,656,MADRID (Moncloa)-POZUELO DE ALARCÓN,mode_3
8__656_A__,656A,MADRID (Moncloa)-POZUELO-URB.LA CABAÑA,mode_3
8__657___,657,MADRID (Moncloa)-POZUELO (Monteclaro),mode_3
8__657_A__,657A,MADRID (Moncloa) - POZUELO (San Juan de la Cruz),mode_3
8__658___,658,MADRID (Moncloa)-POZUELO (Prado Somosaguas-Ciudad de la Imagen),mode_3
8__658_A__,658A,MADRID (Moncloa) - POZUELO (P.E. La Finca-Ciudad de la Imagen),mode_3
8__659___,659,MADRID (Moncloa) - Univ. Fco. de Vitoria - El Pinar del Plantío,mode_3
8__680___,680,COLLADO VILLALBA (Hospital)-CERCEDILLA,mode_3
8__681___,681,MADRID (Moncloa)-ALPEDRETE,mode_3
8__682___,682,MADRID (Moncloa)-VILLALBA-GUADARRAMA,mode_3
8__683___,683,MADRID (Moncloa)-COLLADO MEDIANO,mode_3
8__684___,684,MADRID (Moncloa)-CERCEDILLA (por Guadarrama),mode_3
8__685___,685,MAJADAHONDA (Hospital) - LAS ROZAS - GUADARRAMA,mode_3
8__686___,686,MADRID (Moncloa)-TORRELODONES (Por Los Peñascales),mode_3
8__686_A__,686A,MADRID (Moncloa)-TORRELODONES (Por Montealegre),mode_3
8__687___,687,MADRID (Moncloa)-COLLADO VILLALBA,mode_3
8__688___,688,MADRID (Moncloa)-LOS MOLINOS,mode_3
8__690___,690,GUADARRAMA-COLLADO MEDIANO-NAVACERRADA,mode_3
8__691___,691,MADRID (Moncloa)-BECERRIL-NAVACERRADA-VALDESQUI,mode_3
8__692SE___,692SE,LOS MOLINOS - CERCEDILLA - VALDESQUÍ,mode_3
8__696___,696,COLLADO VILLALBA (Hospital)-NAVACERRADA,mode_3
8__815___,815,MADRID (Estación Chamartín)-POZUELO DE ALARCÓN,mode_3
8__822___,822,MADRID (Aeropuerto)-COSLADA-SAN FERNANDO DE HENARES,mode_3
8__SE7___,SE7,HOSPITAL DEL HENARES - SAN FERNANDO,mode_3
9__1__080_,1,CIRCULAR (Hospital-Estación FFCC),mode_3
9__1__106_,1,CIRCULAR 1,mode_3
9__1__038_,1,HOSPITAL DE LA FUENFRÍA - FF.CC. - INSTITUTO,mode_3
9__1__130_,1,POL. INDUSTRIAL-C.C. SAN FERNANDO,mode_3
9__1__115_,1,POZUELO DE ALARCÓN-URB. LA CABAÑA,mode_3
9__1__065_,1,SECTOR III-AMBULATORIO,mode_3
9__2__065_,2,ARROYO CULEBRO - AMBULATORIO,mode_3
9__2__049_,2,BARRIO DE LA ESTACIÓN-CENTRO DE TRANSPORTES,mode_3
9__2__080_,2,CIRCULAR (Hospital-Estación FFCC),mode_3
9__2__106_,2,CIRCULAR 2,mode_3
9__2__115_,2,CIRCULAR DE POZUELO DE ALARCÓN,mode_3
9__3__065_,3,3 CIRCULAR DE GETAFE,mode_3
9__3__115_,3,CIRCULAR DE POZUELO DE ALARCÓN,mode_3
9__3__106_,3,HOSPITAL-AVENIDA DE AMÉRICA-LAGUNA PARK,mode_3
9__4__065_,4,POL. IND. LOS ÁNGELES - HOSPITAL - PERALES DEL RÍO,mode_3
9__4__068_,4,POLIDEPORTIVO-VALLEFRESNOS/LA SERRANILLA,mode_3
9__5__065_,5,BUENAVISTA - SECTOR III,mode_3
9__6__065_,6,HOSPITAL - SAN ISIDRO,mode_3
9__7__065_,7,GETAFE CENTRAL-P.I. SAN MARCOS-P.I. EL LOMO-P.E. LA CARPETANÍA,mode_3
9__PI1__065_,PI1,GETAFE CENTRAL - P.I. LOS ANGELES - P.I. LOS OLIVOS,mode_3
8__541___,541,MADRID (Príncipe Pío)-VILLAMANTA-LA TORRE DE E. HAMBRAN,mode_3
8__545___,545,MADRID (Príncipe Pío)-CENICIENTOS-SOTILLO DE LA ADRADA,mode_3
8__546___,546,MADRID (Príncipe Pío)-ROZAS DE PUERTO REAL-CASILLAS,mode_3
8__547___,547,MADRID (Príncipe Pío)-V.DEL PRADO-ALMOROX-ALDEA EN CABO,mode_3
8__548___,548,MADRID (Príncipe Pío)-ALDEA DEL FRESNO-CALALBERCHE,mode_3
8__421___,421,MADRID (Legazpi)-PINTO,mode_3
8__422___,422,MADRID (Legazpi)-VALDEMORO,mode_3
8__423___,423,MADRID (Estación Sur)-ARANJUEZ,mode_3
8__424___,424,MADRID (Legazpi)-VALDEMORO (El Restón),mode_3
8__425___,425,VALDEMORO (Hospital)-CIEMPOZUELOS,mode_3
8__426___,426,MADRID (Legazpi)-CIEMPOZUELOS,mode_3
8__427___,427,MADRID (Villaverde Bajo-Cruce)-ÁREA EMPRESARIAL ANDALUCIA-PINTO,mode_3
8__428___,428,GETAFE-VALDEMORO,mode_3
8__429___,429,MADRID (Legazpi)-ARANJUEZ (PAU de la Montaña),mode_3
8__430___,430,ARANJUEZ-VILLAREJO DE SALVANES,mode_3
9__1__161_,1,CIRCULAR (FFCC-Ambulatorio-FFCC),mode_3
9__1__040_,1,CIRCULAR DE CIEMPOZUELOS,mode_3
9__2__161_,2,ESTACIÓN FFCC-EL RESTÓN,mode_3
9__3__161_,3,CIRCULAR (El Restón-Avenida Andalucía-El Restón),mode_3
9__4__161_,4,ESTACIÓN FFCC-POLÍGONOS NORTE,mode_3
9__5__161_,5,ESTACIÓN FFCC-P.I. ROMPECUBAS,mode_3
9__6__161_,6,ESTACIÓN FFCC-EL CARACOL-EL RESTÓN II,mode_3
9__7__161_,7,ESTACIÓN FFCC-HOSPITAL-EL RESTÓN,mode_3
9__1_A_113_,1A,CIRCULAR PINTO,mode_3
9__1_B_113_,1B,CIRCULAR PINTO,mode_3
9__SE__161_,SE,AV. DE ANDALUCÍA - PISCINA,mode_3
8__551___,551,MADRID (Príncipe Pío)-SAN MARTÍN DE VALDEIGLESIAS-EL TIEMBLO/CEBREROS,mode_3
9__2__005_,2,PUERTA DE SANTA ANA - HOSPITAL/UNIVERSIDAD,mode_3
9__3__005_,3,CUATRO CAÑOS - HOSPITAL/UNIVERSIDAD - ESPARTALES,mode_3
9__5__005_,5,PLAZA DE LA PAZ - NUEVA RINCONADA,mode_3
9__6__005_,6,EST. LA GARENA - VIRGEN DEL VAL,mode_3
9__7__005_,7,ENSANCHE NORTE - NUEVA ALCALÁ / CEMENTERIO JARDÍN,mode_3
9__8__005_,8,LOS NOGALES - VIRGEN DEL VAL,mode_3
9__9__005_,9,EST. ALCALÁ DE HENARES - EL OLIVAR /POLÍGONO CAMPORROSO,mode_3
9__10__005_,10,VIA COMPLUTENSE CENTRO - ESPARTALES NORTE,mode_3
9__11__005_,11,LA GARENA - EST. ALCALÁ UNIVERSIDAD,mode_3
9__1_A_005_,1A,CIRCULAR ALCALÁ DE HENARES,mode_3
9__1_B_005_,1B,CIRCULAR ALCALÁ DE HENARES,mode_3
