transfer_id,transfer_from,transfer_to
par_4_1_to_par_4_164,par_4_1,par_4_164
par_4_1_to_par_4_190,par_4_1,par_4_190
par_4_10_to_par_4_196,par_4_10,par_4_196
par_4_11_to_par_4_87,par_4_11,par_4_87
par_4_12_to_par_4_35,par_4_12,par_4_35
par_4_12_to_par_4_48,par_4_12,par_4_48
par_4_18_to_par_4_112,par_4_18,par_4_112
par_4_261_to_par_4_189,par_4_261,par_4_189
par_4_263_to_par_4_266,par_4_263,par_4_266
par_4_6_to_par_4_42,par_4_6,par_4_42
par_4_6_to_par_4_121,par_4_6,par_4_121
par_4_9_to_par_4_56,par_4_9,par_4_56
par_4_28_to_par_4_81,par_4_28,par_4_81
par_4_29_to_par_4_116,par_4_29,par_4_116
par_4_30_to_par_4_61,par_4_30,par_4_61
par_4_31_to_par_4_172,par_4_31,par_4_172
par_4_31_to_par_4_60,par_4_31,par_4_60
par_4_35_to_par_4_12,par_4_35,par_4_12
par_4_35_to_par_4_48,par_4_35,par_4_48
par_4_36_to_par_4_89,par_4_36,par_4_89
par_4_36_to_par_4_237,par_4_36,par_4_237
par_4_37_to_par_4_49,par_4_37,par_4_49
par_4_37_to_par_4_88,par_4_37,par_4_88
par_4_38_to_par_4_50,par_4_38,par_4_50
par_4_38_to_par_4_197,par_4_38,par_4_197
par_4_39_to_par_4_55,par_4_39,par_4_55
par_4_41_to_par_4_144,par_4_41,par_4_144
par_4_42_to_par_4_6,par_4_42,par_4_6
par_4_42_to_par_4_121,par_4_42,par_4_121
par_4_43_to_par_4_110,par_4_43,par_4_110
par_4_46_to_par_4_92,par_4_46,par_4_92
par_4_48_to_par_4_12,par_4_48,par_4_12
par_4_48_to_par_4_35,par_4_48,par_4_35
par_4_49_to_par_4_88,par_4_49,par_4_88
par_4_49_to_par_4_37,par_4_49,par_4_37
par_4_50_to_par_4_38,par_4_50,par_4_38
par_4_50_to_par_4_197,par_4_50,par_4_197
par_4_52_to_par_4_54,par_4_52,par_4_54
par_4_52_to_par_4_126,par_4_52,par_4_126
par_4_53_to_par_4_125,par_4_53,par_4_125
par_4_266_to_par_4_263,par_4_266,par_4_263
par_4_54_to_par_4_52,par_4_54,par_4_52
par_4_54_to_par_4_126,par_4_54,par_4_126
par_4_55_to_par_4_39,par_4_55,par_4_39
par_4_56_to_par_4_9,par_4_56,par_4_9
par_4_57_to_par_4_85,par_4_57,par_4_85
par_4_57_to_par_4_195,par_4_57,par_4_195
par_4_60_to_par_4_31,par_4_60,par_4_31
par_4_60_to_par_4_172,par_4_60,par_4_172
par_4_61_to_par_4_30,par_4_61,par_4_30
par_4_63_to_par_4_82,par_4_63,par_4_82
par_4_63_to_par_4_117,par_4_63,par_4_117
par_4_64_to_par_4_118,par_4_64,par_4_118
par_4_64_to_par_4_141,par_4_64,par_4_141
par_4_64_to_par_4_170,par_4_64,par_4_170
par_4_71_to_par_4_157,par_4_71,par_4_157
par_4_103_to_par_4_201,par_4_103,par_4_201
par_4_78_to_par_4_137,par_4_78,par_4_137
par_4_81_to_par_4_28,par_4_81,par_4_28
par_4_82_to_par_4_63,par_4_82,par_4_63
par_4_82_to_par_4_117,par_4_82,par_4_117
par_4_83_to_par_4_171,par_4_83,par_4_171
par_4_85_to_par_4_57,par_4_85,par_4_57
par_4_85_to_par_4_195,par_4_85,par_4_195
par_4_87_to_par_4_11,par_4_87,par_4_11
par_4_88_to_par_4_49,par_4_88,par_4_49
par_4_88_to_par_4_37,par_4_88,par_4_37
par_4_89_to_par_4_36,par_4_89,par_4_36
par_4_89_to_par_4_237,par_4_89,par_4_237
par_4_92_to_par_4_46,par_4_92,par_4_46
par_4_96_to_par_4_106,par_4_96,par_4_106
par_4_106_to_par_4_96,par_4_106,par_4_96
par_4_108_to_par_4_206,par_4_108,par_4_206
par_4_110_to_par_4_43,par_4_110,par_4_43
par_4_112_to_par_4_18,par_4_112,par_4_18
par_4_114_to_par_4_174,par_4_114,par_4_174
par_4_116_to_par_4_29,par_4_116,par_4_29
par_4_117_to_par_4_63,par_4_117,par_4_63
par_4_117_to_par_4_82,par_4_117,par_4_82
par_4_118_to_par_4_64,par_4_118,par_4_64
par_4_118_to_par_4_141,par_4_118,par_4_141
par_4_118_to_par_4_170,par_4_118,par_4_170
par_4_120_to_par_4_155,par_4_120,par_4_155
par_4_120_to_par_4_193,par_4_120,par_4_193
par_4_121_to_par_4_6,par_4_121,par_4_6
par_4_121_to_par_4_42,par_4_121,par_4_42
par_4_122_to_par_4_146,par_4_122,par_4_146
par_4_125_to_par_4_53,par_4_125,par_4_53
par_4_126_to_par_4_52,par_4_126,par_4_52
par_4_126_to_par_4_54,par_4_126,par_4_54
par_4_127_to_par_4_198,par_4_127,par_4_198
par_4_127_to_par_4_238,par_4_127,par_4_238
par_4_137_to_par_4_78,par_4_137,par_4_78
par_4_141_to_par_4_64,par_4_141,par_4_64
par_4_141_to_par_4_118,par_4_141,par_4_118
par_4_141_to_par_4_170,par_4_141,par_4_170
par_4_142_to_par_4_194,par_4_142,par_4_194
par_4_144_to_par_4_41,par_4_144,par_4_41
par_4_146_to_par_4_122,par_4_146,par_4_122
par_4_155_to_par_4_120,par_4_155,par_4_120
par_4_155_to_par_4_193,par_4_155,par_4_193
par_4_156_to_par_4_167,par_4_156,par_4_167
par_4_157_to_par_4_71,par_4_157,par_4_71
par_4_164_to_par_4_1,par_4_164,par_4_1
par_4_164_to_par_4_190,par_4_164,par_4_190
par_4_167_to_par_4_156,par_4_167,par_4_156
par_4_170_to_par_4_64,par_4_170,par_4_64
par_4_170_to_par_4_118,par_4_170,par_4_118
par_4_170_to_par_4_141,par_4_170,par_4_141
par_4_171_to_par_4_83,par_4_171,par_4_83
par_4_172_to_par_4_31,par_4_172,par_4_31
par_4_172_to_par_4_60,par_4_172,par_4_60
par_4_174_to_par_4_114,par_4_174,par_4_114
par_4_189_to_par_4_261,par_4_189,par_4_261
par_4_190_to_par_4_1,par_4_190,par_4_1
par_4_190_to_par_4_164,par_4_190,par_4_164
par_4_193_to_par_4_120,par_4_193,par_4_120
par_4_193_to_par_4_155,par_4_193,par_4_155
par_4_194_to_par_4_142,par_4_194,par_4_142
par_4_195_to_par_4_57,par_4_195,par_4_57
par_4_195_to_par_4_85,par_4_195,par_4_85
par_4_196_to_par_4_10,par_4_196,par_4_10
par_4_197_to_par_4_38,par_4_197,par_4_38
par_4_197_to_par_4_50,par_4_197,par_4_50
par_4_198_to_par_4_127,par_4_198,par_4_127
par_4_198_to_par_4_238,par_4_198,par_4_238
par_4_201_to_par_4_103,par_4_201,par_4_103
par_4_205_to_par_4_209,par_4_205,par_4_209
par_4_206_to_par_4_108,par_4_206,par_4_108
par_4_209_to_par_4_205,par_4_209,par_4_205
par_4_237_to_par_4_36,par_4_237,par_4_36
par_4_237_to_par_4_89,par_4_237,par_4_89
par_4_238_to_par_4_127,par_4_238,par_4_127
par_4_238_to_par_4_198,par_4_238,par_4_198
